,機構代碼,權屬別,機構縣市,機構名稱,機構地址,身心障礙牙科特別門診,身心障礙鑑定醫院,急救責任醫院,24小時急診服務,院區,型態別,機構電話,負責人,身心障礙牙科門診掛號電話,女性整合門診,急診電話,設置科別,病床設施,西醫師,中醫師,牙醫師,藥師,藥劑師,護產人員,職能治療師,職能治療生,醫事檢驗師,醫事檢驗生,物理治療師,物理治療生,醫事放射師,醫事放射生,諮商心理師,臨床心理師,語言治療師,聽力師,呼吸治療師,營養師,特約醫院,全年門診人次,全年住院人次,全年急診人次,平均住院日,醫院評鑑結果,教學醫院評鑑結果,醫院評鑑改善事項數,已改善及改善中項數,改善率
0,936030018.0,醫療社團法人醫院,臺中市,李綜合醫療社團法人大甲李綜合醫院,臺中市大甲區八德街2號,否,是,是,是,本院,綜合醫院,04-26862288,隋善中,否,是,否,"家庭醫學科, 內科, 外科, 兒科, 婦產科, 骨科, 神經科, 神經外科, 泌尿科, 耳鼻喉科, 精神科, 復健科, 麻醉科, 放射診斷科, 解剖病理科, 急診醫學科","{'項次': '1', '病床名稱': '急性一般病床', '病床數': '251'}, {'項次': '2', '病床名稱': '加護病床', '病床數': '21'}, {'項次': '3', '病床名稱': '急診觀察床', '病床數': '6'}, {'項次': '4', '病床名稱': '嬰兒病床', '病床數': '2'}, {'項次': '5', '病床名稱': '手術恢復床', '病床數': '3'}, {'項次': '6', '病床名稱': '嬰兒床', '病床數': '5'}, {'項次': '7', '病床名稱': '血液透析床', '病床數': '22'}, {'項次': '8', '病床名稱': '腹膜透析床', '病床數': '1'}, {'項次': '9', '病床名稱': '手術台', '病床數': '5'}, {'項次': '10', '病床名稱': '產台', '病床數': '1'}, {'項次': '11', '病床名稱': '(門診)診療室', '病床數': '10'}",37,0,0,13,0,171,2,0,27,0,4,2,14,0,0,1,0,0,2,3,區域醫院,117865.0,5338.0,10792.0,8.0,醫院評鑑合格（區域醫院）,醫師及醫事人員類教學醫院評鑑合格,12.0,12.0,100%
1,936050029.0,醫療社團法人醫院,臺中市,光田醫療社團法人光田綜合醫院,臺中市沙鹿區沙田路117號（含大同街5-2號）,是,是,是,是,沙鹿總院,綜合醫院,04-26625111,王乃弘,否,是,否,"家庭醫學科, 內科, 外科, 兒科, 婦產科, 骨科, 神經科, 神經外科, 泌尿科, 耳鼻喉科, 眼科, 皮膚科, 精神科, 復健科, 麻醉科, 放射診斷科, 放射腫瘤科, 解剖病理科, 核子醫學科, 急診醫學科, 整形外科, 職業醫學科, 西醫一般科, 牙醫一般科, 中醫一般科","{'項次': '1', '病床名稱': '急性一般病床', '病床數': '445'}, {'項次': '2', '病床名稱': '慢性一般病床', '病床數': '62'}, {'項次': '3', '病床名稱': '加護病床', '病床數': '48'}, {'項次': '4', '病床名稱': '急診觀察床', '病床數': '12'}, {'項次': '5', '病床名稱': '嬰兒病床', '病床數': '10'}, {'項次': '6', '病床名稱': '手術恢復床', '病床數': '6'}, {'項次': '7', '病床名稱': '嬰兒床', '病床數': '10'}, {'項次': '8', '病床名稱': '血液透析床', '病床數': '45'}, {'項次': '9', '病床名稱': '安寧病床', '病床數': '10'}, {'項次': '10', '病床名稱': '亞急性呼吸照護病床', '病床數': '10'}, {'項次': '11', '病床名稱': '慢性呼吸照護病床', '病床數': '40'}, {'項次': '12', '病床名稱': '手術台', '病床數': '12'}, {'項次': '13', '病床名稱': '產台', '病床數': '3'}, {'項次': '14', '病床名稱': '牙科治療室', '病床數': '12'}, {'項次': '15', '病床名稱': '精神科日間照護', '病床數': '30'}, {'項次': '16', '病床名稱': '(門診)診療室', '病床數': '38'}",163,12,1,39,0,572,6,0,44,0,11,3,33,0,0,3,6,3,8,7,,,,,,,,,,
2,936050029.0,醫療社團法人醫院,臺中市,光田醫療社團法人光田綜合醫院,臺中市沙鹿區沙田路117號（含大同街5-2號）,是,是,是,是,大甲院區,綜合醫院,04-26625111,王乃弘,否,是,否,"家庭醫學科, 內科, 外科, 兒科, 婦產科, 骨科, 神經科, 神經外科, 泌尿科, 耳鼻喉科, 眼科, 皮膚科, 精神科, 復健科, 麻醉科, 放射診斷科, 解剖病理科, 核子醫學科, 急診醫學科, 整形外科, 西醫一般科, 牙醫一般科","{'項次': '1', '病床名稱': '急性一般病床', '病床數': '300'}, {'項次': '2', '病床名稱': '精神急性一般病床', '病床數': '50'}, {'項次': '3', '病床名稱': '加護病床', '病床數': '37'}, {'項次': '4', '病床名稱': '急診觀察床', '病床數': '9'}, {'項次': '5', '病床名稱': '嬰兒病床', '病床數': '6'}, {'項次': '6', '病床名稱': '手術恢復床', '病床數': '6'}, {'項次': '7', '病床名稱': '嬰兒床', '病床數': '10'}, {'項次': '8', '病床名稱': '血液透析床', '病床數': '33'}, {'項次': '9', '病床名稱': '手術台', '病床數': '9'}, {'項次': '10', '病床名稱': '產台', '病床數': '4'}, {'項次': '11', '病床名稱': '(門診)診療室', '病床數': '24'}",66,0,2,25,0,347,5,1,15,0,7,1,16,0,0,6,2,1,6,5,,,,,,,,,,
3,936060016.0,醫療社團法人醫院,臺中市,童綜合醫療社團法人童綜合醫院,臺中市梧棲區臺灣大道八段699號,是,是,是,是,梧棲院區,綜合醫院,04-26581919,童瑞年,否,是,否,"家庭醫學科, 內科, 外科, 兒科, 婦產科, 骨科, 神經科, 神經外科, 泌尿科, 耳鼻喉科, 眼科, 皮膚科, 精神科, 復健科, 麻醉科, 放射診斷科, 放射腫瘤科, 解剖病理科, 臨床病理科, 核子醫學科, 急診醫學科, 整形外科, 職業醫學科, 西醫一般科, 牙醫一般科, 家庭牙醫科, 兒童牙科, 齒顎矯正科, 中醫一般科","{'項次': '1', '病床名稱': '急性一般病床', '病床數': '702'}, {'項次': '2', '病床名稱': '負壓隔離病床', '病床數': '2'}, {'項次': '3', '病床名稱': '加護病床', '病床數': '90'}, {'項次': '4', '病床名稱': '急診觀察床', '病床數': '30'}, {'項次': '5', '病床名稱': '其它觀察病床', '病床數': '10'}, {'項次': '6', '病床名稱': '嬰兒病床', '病床數': '20'}, {'項次': '7', '病床名稱': '手術恢復床', '病床數': '16'}, {'項次': '8', '病床名稱': '嬰兒床', '病床數': '20'}, {'項次': '9', '病床名稱': '血液透析床', '病床數': '54'}, {'項次': '10', '病床名稱': '亞急性呼吸照護病床', '病床數': '20'}, {'項次': '11', '病床名稱': '燒傷加護病床', '病床數': '10'}, {'項次': '12', '病床名稱': '手術台', '病床數': '31'}, {'項次': '13', '病床名稱': '產台', '病床數': '2'}, {'項次': '14', '病床名稱': '(門診)診療室', '病床數': '67'}, {'項次': '15', '病床名稱': '牙醫治療台', '病床數': '23'}",296,1,15,69,0,1364,6,0,77,1,15,0,79,0,2,3,2,3,17,15,,,,,,,,,,
4,936060016.0,醫療社團法人醫院,臺中市,童綜合醫療社團法人童綜合醫院,臺中市梧棲區臺灣大道八段699號,是,是,是,是,沙鹿院區,綜合醫院,04-26581919,童瑞年,否,是,否,"內科, 精神科, 復健科, 中醫一般科","{'項次': '1', '病床名稱': '精神急性一般病床', '病床數': '28'}, {'項次': '2', '病床名稱': '慢性一般病床', '病床數': '100'}, {'項次': '3', '病床名稱': '精神慢性一般病床', '病床數': '100'}, {'項次': '4', '病床名稱': '血液透析床', '病床數': '84'}, {'項次': '5', '病床名稱': '安寧病床', '病床數': '8'}, {'項次': '6', '病床名稱': '慢性呼吸照護病床', '病床數': '63'}, {'項次': '7', '病床名稱': '精神科日間照護', '病床數': '24'}, {'項次': '8', '病床名稱': '(門診)診療室', '病床數': '15'}",24,3,0,5,0,108,14,1,2,0,13,6,2,0,1,7,9,0,2,1,,,,,,,,,,
5,617060018.0,榮民醫院,臺中市,臺中榮民總醫院,臺中市西屯區臺灣大道4段1650號,是,是,是,是,本院,綜合醫院,04 23592525,陳適安,否,是,否,"家庭醫學科, 內科, 外科, 兒科, 婦產科, 骨科, 神經科, 神經外科, 泌尿科, 耳鼻喉科, 眼科, 皮膚科, 精神科, 復健科, 麻醉科, 放射診斷科, 放射腫瘤科, 解剖病理科, 臨床病理科, 核子醫學科, 急診醫學科, 整形外科, 職業醫學科, 西醫一般科, 牙醫一般科, 牙髓病科, 牙周病科, 兒童牙科, 齒顎矯正科, 中醫一般科","{'項次': '1', '病床名稱': '急性一般病床', '病床數': '975'}, {'項次': '2', '病床名稱': '精神急性一般病床', '病床數': '70'}, {'項次': '3', '病床名稱': '正壓隔離病床', '病床數': '14'}, {'項次': '4', '病床名稱': '負壓隔離病床', '病床數': '19'}, {'項次': '5', '病床名稱': '加護病床', '病床數': '138'}, {'項次': '6', '病床名稱': '急診觀察床', '病床數': '80'}, {'項次': '7', '病床名稱': '其它觀察病床', '病床數': '14'}, {'項次': '8', '病床名稱': '嬰兒病床', '病床數': '24'}, {'項次': '9', '病床名稱': '手術恢復床', '病床數': '36'}, {'項次': '10', '病床名稱': '嬰兒床', '病床數': '25'}, {'項次': '11', '病床名稱': '血液透析床', '病床數': '60'}, {'項次': '12', '病床名稱': '安寧病床', '病床數': '18'}, {'項次': '13', '病床名稱': '亞急性呼吸照護病床', '病床數': '12'}, {'項次': '14', '病床名稱': '燒傷加護病床', '病床數': '8'}, {'項次': '15', '病床名稱': '骨髓移植病床', '病床數': '4'}, {'項次': '16', '病床名稱': '手術台', '病床數': '42'}, {'項次': '17', '病床名稱': '產台', '病床數': '2'}, {'項次': '18', '病床名稱': '精神科日間照護', '病床數': '90'}, {'項次': '19', '病床名稱': '(門診)診療室', '病床數': '194'}, {'項次': '20', '病床名稱': '牙醫治療台', '病床數': '63'}, {'項次': '21', '病床名稱': '整合醫學急診後送病床', '病床數': '125'}",866,15,43,126,0,2216,14,0,193,1,24,0,151,0,4,10,6,4,29,22,醫學中心,1694377.0,60392.0,55347.0,7.0,醫院評鑑優等（醫學中心）,醫師及醫事人員類教學醫院評鑑合格（醫學中心）,1,1,100%
6,717070516.0,公立機關(構)附設醫院,臺中市,法務部矯正署臺中監獄附設培德醫院,臺中市南屯區培德路九號,否,否,否,否,本院,醫院,04-23814169,林於錦,否,否,否,"內科, 外科, 精神科, 牙醫一般科","{'項次': '1', '病床名稱': '急性一般病床', '病床數': '68'}, {'項次': '2', '病床名稱': '手術恢復床', '病床數': '2'}, {'項次': '3', '病床名稱': '血液透析床', '病床數': '20'}, {'項次': '4', '病床名稱': '手術台', '病床數': '1'}, {'項次': '5', '病床名稱': '(門診)診療室', '病床數': '9'}, {'項次': '6', '病床名稱': '牙醫治療台', '病床數': '3'}",9,0,1,7,0,42,0,0,3,0,0,0,2,0,0,1,0,0,0,1,地區醫院,78402.0,1018.0,0.0,8.0,醫院評鑑合格（地區醫院）,,21項,17項,100%
7,903150014.0,醫療社團法人醫院,臺中市,林新醫療社團法人烏日林新醫院,臺中市烏日區榮和路168號,是,是,是,是,本院,綜合醫院,04-23388766,林明輝,否,否,否,"家庭醫學科, 內科, 外科, 兒科, 婦產科, 骨科, 神經科, 神經外科, 泌尿科, 耳鼻喉科, 眼科, 精神科, 復健科, 麻醉科, 放射診斷科, 放射腫瘤科, 急診醫學科, 牙醫一般科, 中醫一般科","{'項次': '1', '病床名稱': '急性一般病床', '病床數': '300'}, {'項次': '2', '病床名稱': '負壓隔離病床', '病床數': '1'}, {'項次': '3', '病床名稱': '加護病床', '病床數': '20'}, {'項次': '4', '病床名稱': '急診觀察床', '病床數': '5'}, {'項次': '5', '病床名稱': '嬰兒病床', '病床數': '12'}, {'項次': '6', '病床名稱': '手術恢復床', '病床數': '4'}, {'項次': '7', '病床名稱': '嬰兒床', '病床數': '20'}, {'項次': '8', '病床名稱': '血液透析床', '病床數': '30'}, {'項次': '9', '病床名稱': '慢性呼吸照護病床', '病床數': '30'}, {'項次': '10', '病床名稱': '手術台', '病床數': '4'}, {'項次': '11', '病床名稱': '產台', '病床數': '1'}, {'項次': '12', '病床名稱': '(門診)診療室', '病床數': '10'}, {'項次': '13', '病床名稱': '牙醫治療台', '病床數': '6'}",59,1,2,20,0,285,8,0,17,0,15,0,17,0,0,2,4,2,7,5,地區醫院,231591.0,8144.0,16396.0,9.0,醫院評鑑合格（地區醫院）,醫事人員類（非醫師）教學醫院評鑑合格,13,13,100%
8,917050027.0,醫療社團法人醫院,臺中市,維新醫療社團法人台中維新醫院,臺中市北區育德路185、187號,否,是,否,否,本院,精神科醫院,04-22038585,許景琦,否,否,否,"神經科, 精神科","{'項次': '1', '病床名稱': '精神急性一般病床', '病床數': '40'}, {'項次': '2', '病床名稱': '精神慢性一般病床', '病床數': '160'}, {'項次': '3', '病床名稱': '急診觀察床', '病床數': '0'}, {'項次': '4', '病床名稱': '精神科日間照護', '病床數': '30'}, {'項次': '5', '病床名稱': '(門診)診療室', '病床數': '4'}",6,0,0,6,0,41,4,0,0,0,0,0,0,0,0,4,0,0,0,1,,,,,,,,,,
9,917070029.0,醫療社團法人醫院,臺中市,林新醫療社團法人林新醫院,臺中市南屯區惠中路3段36號,是,是,是,是,本院,綜合醫院,04-22586688,林仁卿,否,是,否,"家庭醫學科, 內科, 外科, 兒科, 婦產科, 骨科, 神經科, 神經外科, 泌尿科, 耳鼻喉科, 眼科, 皮膚科, 精神科, 復健科, 麻醉科, 放射診斷科, 放射腫瘤科, 解剖病理科, 核子醫學科, 急診醫學科, 整形外科, 牙醫一般科","{'項次': '1', '病床名稱': '急性一般病床', '病床數': '412'}, {'項次': '2', '病床名稱': '慢性一般病床', '病床數': '0'}, {'項次': '3', '病床名稱': '正壓隔離病床', '病床數': '2'}, {'項次': '4', '病床名稱': '負壓隔離病床', '病床數': '1'}, {'項次': '5', '病床名稱': '加護病床', '病床數': '35'}, {'項次': '6', '病床名稱': '急診觀察床', '病床數': '18'}, {'項次': '7', '病床名稱': '其它觀察病床', '病床數': '2'}, {'項次': '8', '病床名稱': '嬰兒病床', '病床數': '17'}, {'項次': '9', '病床名稱': '手術恢復床', '病床數': '6'}, {'項次': '10', '病床名稱': '嬰兒床', '病床數': '33'}, {'項次': '11', '病床名稱': '血液透析床', '病床數': '45'}, {'項次': '12', '病床名稱': '亞急性呼吸照護病床', '病床數': '10'}, {'項次': '13', '病床名稱': '慢性呼吸照護病床', '病床數': '60'}, {'項次': '14', '病床名稱': '手術台', '病床數': '7'}, {'項次': '15', '病床名稱': '產台', '病床數': '2'}, {'項次': '16', '病床名稱': '(門診)診療室', '病床數': '20'}, {'項次': '17', '病床名稱': '牙醫治療台', '病床數': '6'}",90,0,3,27,0,518,9,1,35,0,18,1,30,0,1,2,5,2,11,7,區域醫院,381302.0,17281.0,31917.0,6.0,醫院評鑑合格（區域醫院）,醫師及醫事人員類教學醫院評鑑合格,10,10,100%
10,117030010.0,部立及直轄市立醫院,臺中市,衛生福利部臺中醫院,臺中市西區廣民里三民路1段199號,是,是,是,是,本院,綜合醫院,04-22294411,侯承伯,否,是,否,"家庭醫學科, 內科, 外科, 兒科, 婦產科, 骨科, 神經科, 神經外科, 泌尿科, 耳鼻喉科, 眼科, 皮膚科, 精神科, 復健科, 麻醉科, 放射診斷科, 放射腫瘤科, 解剖病理科, 核子醫學科, 急診醫學科, 整形外科, 西醫一般科, 牙醫一般科, 中醫一般科","{'項次': '1', '病床名稱': '急性一般病床', '病床數': '358'}, {'項次': '2', '病床名稱': '精神急性一般病床', '病床數': '40'}, {'項次': '3', '病床名稱': '精神慢性一般病床', '病床數': '50'}, {'項次': '4', '病床名稱': '負壓隔離病床', '病床數': '0'}, {'項次': '5', '病床名稱': '加護病床', '病床數': '26'}, {'項次': '6', '病床名稱': '急診觀察床', '病床數': '6'}, {'項次': '7', '病床名稱': '其它觀察病床', '病床數': '4'}, {'項次': '8', '病床名稱': '嬰兒病床', '病床數': '7'}, {'項次': '9', '病床名稱': '手術恢復床', '病床數': '4'}, {'項次': '10', '病床名稱': '嬰兒床', '病床數': '15'}, {'項次': '11', '病床名稱': '血液透析床', '病床數': '36'}, {'項次': '12', '病床名稱': '安寧病床', '病床數': '10'}, {'項次': '13', '病床名稱': '亞急性呼吸照護病床', '病床數': '6'}, {'項次': '14', '病床名稱': '慢性呼吸照護病床', '病床數': '30'}, {'項次': '15', '病床名稱': '燒傷加護病床', '病床數': '4'}, {'項次': '16', '病床名稱': '手術台', '病床數': '8'}, {'項次': '17', '病床名稱': '產台', '病床數': '2'}, {'項次': '18', '病床名稱': '精神科日間照護', '病床數': '60'}, {'項次': '19', '病床名稱': '(門診)診療室', '病床數': '63'}, {'項次': '20', '病床名稱': '急性後期照護病床', '病床數': '42'}",116,9,3,38,0,423,11,0,45,0,15,2,34,0,0,6,2,1,5,8,區域醫院,418145.0,13124.0,26132.0,10.0,醫院評鑑優等（區域醫院）,醫師及醫事人員類教學醫院評鑑合格,0,0,--%
11,117030010.0,部立及直轄市立醫院,臺中市,衛生福利部臺中醫院,臺中市西區廣民里三民路1段199號,是,是,是,是,不活動病歷存放地點,綜合醫院,04-22294411,侯承伯,否,是,否,,,0,0,0,0,0,0,0,0,0,0,0,0,0,0,0,0,0,0,0,0,,,,,,,,,,
12,136010010.0,部立及直轄市立醫院,臺中市,衛生福利部豐原醫院,臺中市豐原區安康路１００號,是,是,是,是,本院,綜合醫院,04-25271180,賴慧貞,否,是,否,"家庭醫學科, 內科, 外科, 兒科, 婦產科, 骨科, 神經科, 神經外科, 泌尿科, 眼科, 皮膚科, 精神科, 復健科, 麻醉科, 放射診斷科, 放射腫瘤科, 解剖病理科, 核子醫學科, 急診醫學科, 西醫一般科, 牙醫一般科, 中醫一般科","{'項次': '1', '病床名稱': '急性一般病床', '病床數': '430'}, {'項次': '2', '病床名稱': '精神急性一般病床', '病床數': '30'}, {'項次': '3', '病床名稱': '慢性一般病床', '病床數': '45'}, {'項次': '4', '病床名稱': '加護病床', '病床數': '53'}, {'項次': '5', '病床名稱': '急診觀察床', '病床數': '20'}, {'項次': '6', '病床名稱': '其它觀察病床', '病床數': '2'}, {'項次': '7', '病床名稱': '嬰兒病床', '病床數': '7'}, {'項次': '8', '病床名稱': '手術恢復床', '病床數': '6'}, {'項次': '9', '病床名稱': '嬰兒床', '病床數': '8'}, {'項次': '10', '病床名稱': '血液透析床', '病床數': '65'}, {'項次': '11', '病床名稱': '安寧病床', '病床數': '6'}, {'項次': '12', '病床名稱': '亞急性呼吸照護病床', '病床數': '9'}, {'項次': '13', '病床名稱': '慢性呼吸照護病床', '病床數': '40'}, {'項次': '14', '病床名稱': '手術台', '病床數': '9'}, {'項次': '15', '病床名稱': '產台', '病床數': '2'}, {'項次': '16', '病床名稱': '精神科日間照護', '病床數': '100'}, {'項次': '17', '病床名稱': '(門診)診療室', '病床數': '32'}, {'項次': '18', '病床名稱': '牙醫治療台', '病床數': '10'}",102,4,10,30,0,602,13,0,34,0,16,3,31,0,1,3,4,2,6,8,,,,,,,,,,
13,517050010.0,軍方醫院(民眾診療),臺中市,國軍臺中總醫院中清分院附設民眾診療服務處,臺中市北區忠明路500號,是,是,是,是,本院,綜合醫院,04 22037320,易志成,否,是,否,"家庭醫學科, 內科, 外科, 兒科, 骨科, 神經外科, 泌尿科, 耳鼻喉科, 精神科, 復健科, 麻醉科, 放射診斷科, 急診醫學科, 牙醫一般科, 中醫一般科","{'項次': '1', '病床名稱': '急性一般病床', '病床數': '60'}, {'項次': '2', '病床名稱': '精神慢性一般病床', '病床數': '50'}, {'項次': '3', '病床名稱': '加護病床', '病床數': '6'}, {'項次': '4', '病床名稱': '急診觀察床', '病床數': '4'}, {'項次': '5', '病床名稱': '手術恢復床', '病床數': '1'}, {'項次': '6', '病床名稱': '血液透析床', '病床數': '15'}, {'項次': '7', '病床名稱': '手術台', '病床數': '3'}, {'項次': '8', '病床名稱': '(門診)診療室', '病床數': '15'}, {'項次': '9', '病床名稱': '牙醫治療台', '病床數': '3'}",20,2,2,8,0,80,2,0,8,0,5,0,5,0,0,1,1,0,0,1,地區醫院,116702.0,1429.0,4489.0,20.0,醫院評鑑合格（地區醫院）,,,,-%
14,536190011.0,軍方醫院(民眾診療),臺中市,國軍臺中總醫院附設民眾診療服務處,臺中市太平區中山路二段３４８號,否,是,是,是,本院,綜合醫院,04-23934191,周英樑,否,是,否,"家庭醫學科, 內科, 外科, 兒科, 婦產科, 骨科, 神經科, 神經外科, 泌尿科, 耳鼻喉科, 眼科, 皮膚科, 精神科, 復健科, 麻醉科, 放射診斷科, 放射腫瘤科, 解剖病理科, 核子醫學科, 急診醫學科, 整形外科, 牙醫一般科, 中醫一般科","{'項次': '1', '病床名稱': '急性一般病床', '病床數': '299'}, {'項次': '2', '病床名稱': '精神急性一般病床', '病床數': '104'}, {'項次': '3', '病床名稱': '負壓隔離病床', '病床數': '4'}, {'項次': '4', '病床名稱': '加護病床', '病床數': '26'}, {'項次': '5', '病床名稱': '燒傷病床', '病床數': '0'}, {'項次': '6', '病床名稱': '急診觀察床', '病床數': '18'}, {'項次': '7', '病床名稱': '嬰兒病床', '病床數': '3'}, {'項次': '8', '病床名稱': '手術恢復床', '病床數': '5'}, {'項次': '9', '病床名稱': '嬰兒床', '病床數': '3'}, {'項次': '10', '病床名稱': '血液透析床', '病床數': '26'}, {'項次': '11', '病床名稱': '手術台', '病床數': '8'}, {'項次': '12', '病床名稱': '產台', '病床數': '1'}, {'項次': '13', '病床名稱': '(門診)診療室', '病床數': '34'}, {'項次': '14', '病床名稱': '牙醫治療台', '病床數': '10'}",87,2,8,33,0,331,5,0,36,0,5,2,24,0,0,4,2,1,2,5,區域醫院,265102.0,9018.0,19771.0,9.0,醫院評鑑優等（區域醫院）,醫師及醫事人員類教學醫院評鑑合格,-,-,-%
15,1303180011.0,私立醫學院、校附設醫院,臺中市,亞洲大學附屬醫院,臺中市霧峰區福新路222號,否,是,是,是,本院,綜合醫院,04-37061668,許永信,否,否,否,"家庭醫學科, 內科, 外科, 兒科, 婦產科, 骨科, 神經科, 神經外科, 泌尿科, 耳鼻喉科, 眼科, 復健科, 麻醉科, 放射診斷科, 放射腫瘤科, 解剖病理科, 核子醫學科, 急診醫學科, 整形外科, 牙醫一般科, 中醫一般科","{'項次': '1', '病床名稱': '急性一般病床', '病床數': '350'}, {'項次': '2', '病床名稱': '加護病床', '病床數': '40'}, {'項次': '3', '病床名稱': '急診觀察床', '病床數': '10'}, {'項次': '4', '病床名稱': '嬰兒病床', '病床數': '6'}, {'項次': '5', '病床名稱': '手術恢復床', '病床數': '6'}, {'項次': '6', '病床名稱': '嬰兒床', '病床數': '9'}, {'項次': '7', '病床名稱': '血液透析床', '病床數': '30'}, {'項次': '8', '病床名稱': '手術台', '病床數': '11'}, {'項次': '9', '病床名稱': '產台', '病床數': '3'}, {'項次': '10', '病床名稱': '(門診)診療室', '病床數': '46'}, {'項次': '11', '病床名稱': '牙醫治療台', '病床數': '4'}",104,5,1,37,0,482,10,0,34,0,15,0,37,0,0,7,3,3,5,6,,,,,,,,,,
16,1303260014.0,私立醫學院、校附設醫院,臺中市,中國醫藥大學兒童醫院,臺中市北區學士路95號(1樓至7樓)、學士路2號(1樓部分空間)、育德路1號(8樓部分空間),是,否,否,是,本院,綜合醫院,04-22052121,王志堯,否,否,否,"外科, 兒科, 骨科, 泌尿科, 眼科, 精神科, 復健科, 麻醉科, 放射診斷科, 解剖病理科, 急診醫學科, 兒童牙科","{'項次': '1', '病床名稱': '急性一般病床', '病床數': '120'}, {'項次': '2', '病床名稱': '加護病床', '病床數': '38'}, {'項次': '3', '病床名稱': '急診觀察床', '病床數': '10'}, {'項次': '4', '病床名稱': '嬰兒病床', '病床數': '58'}, {'項次': '5', '病床名稱': '嬰兒床', '病床數': '30'}, {'項次': '6', '病床名稱': '(門診)診療室', '病床數': '16'}",71,0,1,15,0,252,3,0,10,0,1,0,6,0,1,9,1,1,4,3,,,,,,,,,,
17,1317020519.0,私立醫學院、校附設醫院,臺中市,中國醫藥大學附設醫院台中東區分院,臺中市東區自由路三段296號,否,否,否,否,本院,醫院,04-22121058,吳恩瑄,否,是,否,"家庭醫學科, 內科, 復健科, 中醫一般科","{'項次': '1', '病床名稱': '急性一般病床', '病床數': '46'}, {'項次': '2', '病床名稱': '血液透析床', '病床數': '24'}, {'項次': '3', '病床名稱': '慢性呼吸照護病床', '病床數': '20'}, {'項次': '4', '病床名稱': '(門診)診療室', '病床數': '12'}",8,3,0,7,0,58,5,0,4,0,8,1,2,0,0,0,2,0,2,1,,,,,,,,,,
18,1317040011.0,私立醫學院、校附設醫院,臺中市,中山醫學大學附設醫院,臺中市南區建國北路一段一一○號,是,是,是,是,本院,綜合醫院,04 24739595,蔡明哲,否,是,否,"家庭醫學科, 內科, 外科, 兒科, 婦產科, 骨科, 神經科, 神經外科, 泌尿科, 耳鼻喉科, 眼科, 皮膚科, 精神科, 復健科, 麻醉科, 放射診斷科, 放射腫瘤科, 解剖病理科, 臨床病理科, 核子醫學科, 急診醫學科, 整形外科, 職業醫學科, 西醫一般科, 牙醫一般科, 家庭牙醫科, 牙體復形科, 牙髓病科, 牙周病科, 齒顎矯正科, 中醫一般科","{'項次': '1', '病床名稱': '急性一般病床', '病床數': '792'}, {'項次': '2', '病床名稱': '精神急性一般病床', '病床數': '34'}, {'項次': '3', '病床名稱': '慢性一般病床', '病床數': '0'}, {'項次': '4', '病床名稱': '正壓隔離病床', '病床數': '2'}, {'項次': '5', '病床名稱': '負壓隔離病床', '病床數': '11'}, {'項次': '6', '病床名稱': '加護病床', '病床數': '107'}, {'項次': '7', '病床名稱': '燒傷病床', '病床數': '0'}, {'項次': '8', '病床名稱': '急診觀察床', '病床數': '36'}, {'項次': '9', '病床名稱': '其它觀察病床', '病床數': '4'}, {'項次': '10', '病床名稱': '嬰兒病床', '病床數': '30'}, {'項次': '11', '病床名稱': '手術恢復床', '病床數': '22'}, {'項次': '12', '病床名稱': '嬰兒床', '病床數': '25'}, {'項次': '13', '病床名稱': '血液透析床', '病床數': '30'}, {'項次': '14', '病床名稱': '安寧病床', '病床數': '20'}, {'項次': '15', '病床名稱': '亞急性呼吸照護病床', '病床數': '20'}, {'項次': '16', '病床名稱': '燒傷加護病床', '病床數': '4'}, {'項次': '17', '病床名稱': '骨髓移植病床', '病床數': '2'}, {'項次': '18', '病床名稱': '手術台', '病床數': '19'}, {'項次': '19', '病床名稱': '產台', '病床數': '3'}, {'項次': '20', '病床名稱': '精神科日間照護', '病床數': '23'}, {'項次': '21', '病床名稱': '(門診)診療室', '病床數': '60'}, {'項次': '22', '病床名稱': '牙醫治療台', '病床數': '95'}",476,6,51,90,0,1288,23,0,104,0,33,0,76,0,1,9,8,5,24,19,,,,,,,,,,
19,1317040039.0,私立醫學院、校附設醫院,臺中市,中山醫學大學附設醫院中興分院,臺中市南區復興路2段11號,否,是,否,否,本院,醫院,,林傳朝,否,否,否,"家庭醫學科, 內科, 外科, 兒科, 精神科, 復健科, 中醫一般科","{'項次': '1', '病床名稱': '急性一般病床', '病床數': '99'}, {'項次': '2', '病床名稱': '急診觀察床', '病床數': '0'}, {'項次': '3', '病床名稱': '其它觀察病床', '病床數': '7'}, {'項次': '4', '病床名稱': '血液透析床', '病床數': '42'}, {'項次': '5', '病床名稱': '(門診)診療室', '病床數': '8'}",13,2,0,8,0,79,8,0,4,0,16,0,3,0,0,1,5,0,1,1,,,,,,,,,,
20,,醫療財團法人醫院,臺中市,醫療財團法人正德癌症醫療基金會佛教正德醫院,臺中市南屯區文心南五路三段100號,否,否,否,否,本院,醫院,04-23692368,林剛民,否,否,否,"家庭醫學科, 內科, 泌尿科, 復健科, 放射診斷科, 中醫一般科","{'項次': '1', '病床名稱': '急性一般病床', '病床數': '60'}, {'項次': '2', '病床名稱': '安寧病床', '病床數': '0'}, {'項次': '3', '病床名稱': '(門診)診療室', '病床數': '7'}",6,2,0,5,0,42,7,0,4,0,9,0,5,0,0,2,6,0,0,1,,,,,,,,,,
21,1117010019.0,醫療財團法人醫院,臺中市,仁愛醫療財團法人台中仁愛醫院,臺中市中區柳川里柳川東路三段三十六號,否,是,否,否,本院,綜合醫院,04 22255450,侯堅,否,否,否,"家庭醫學科, 內科, 外科, 骨科, 精神科, 復健科, 放射診斷科","{'項次': '1', '病床名稱': '急性一般病床', '病床數': '70'}, {'項次': '2', '病床名稱': '加護病床', '病床數': '4'}, {'項次': '3', '病床名稱': '其它觀察病床', '病床數': '4'}, {'項次': '4', '病床名稱': '手術恢復床', '病床數': '1'}, {'項次': '5', '病床名稱': '血液透析床', '病床數': '0'}, {'項次': '6', '病床名稱': '慢性呼吸照護病床', '病床數': '13'}, {'項次': '7', '病床名稱': '手術台', '病床數': '1'}, {'項次': '8', '病床名稱': '(門診)診療室', '病床數': '10'}",10,0,0,4,0,53,4,0,2,0,4,0,2,0,0,0,1,0,3,1,地區醫院,47543.0,1065.0,0.0,18.0,醫院評鑑合格（地區醫院）,,,,-%
22,1136090519.0,醫療財團法人醫院,臺中市,佛教慈濟醫療財團法人台中慈濟醫院,臺中市潭子區豐興路一段66、88號,是,是,是,是,本院,綜合醫院,04-36060666,簡守信,否,是,否,"家庭醫學科, 內科, 外科, 兒科, 婦產科, 骨科, 神經科, 神經外科, 泌尿科, 耳鼻喉科, 眼科, 精神科, 復健科, 麻醉科, 放射診斷科, 放射腫瘤科, 解剖病理科, 臨床病理科, 核子醫學科, 急診醫學科, 整形外科, 職業醫學科, 西醫一般科, 牙醫一般科, 牙髓病科, 牙周病科, 中醫一般科","{'項次': '1', '病床名稱': '急性一般病床', '病床數': '499'}, {'項次': '2', '病床名稱': '精神急性一般病床', '病床數': '50'}, {'項次': '3', '病床名稱': '慢性一般病床', '病床數': '360'}, {'項次': '4', '病床名稱': '負壓隔離病床', '病床數': '1'}, {'項次': '5', '病床名稱': '加護病床', '病床數': '55'}, {'項次': '6', '病床名稱': '急診觀察床', '病床數': '22'}, {'項次': '7', '病床名稱': '其它觀察病床', '病床數': '4'}, {'項次': '8', '病床名稱': '嬰兒病床', '病床數': '5'}, {'項次': '9', '病床名稱': '手術恢復床', '病床數': '10'}, {'項次': '10', '病床名稱': '嬰兒床', '病床數': '6'}, {'項次': '11', '病床名稱': '血液透析床', '病床數': '88'}, {'項次': '12', '病床名稱': '安寧病床', '病床數': '12'}, {'項次': '13', '病床名稱': '亞急性呼吸照護病床', '病床數': '12'}, {'項次': '14', '病床名稱': '骨髓移植病床', '病床數': '2'}, {'項次': '15', '病床名稱': '手術台', '病床數': '19'}, {'項次': '16', '病床名稱': '產台', '病床數': '2'}, {'項次': '17', '病床名稱': '(門診)診療室', '病床數': '95'}, {'項次': '18', '病床名稱': '牙醫治療台', '病床數': '10'}",206,38,9,60,0,788,13,0,45,0,15,0,46,0,0,7,5,4,17,13,,,,,,,,,,
23,1136200015.0,醫療財團法人醫院,臺中市,仁愛醫療財團法人大里仁愛醫院,臺中市大里區東榮路４８３號,是,是,是,是,本院,綜合醫院,04-24819900,郭振華,否,是,否,"家庭醫學科, 內科, 外科, 兒科, 婦產科, 骨科, 神經科, 神經外科, 泌尿科, 耳鼻喉科, 眼科, 皮膚科, 精神科, 復健科, 麻醉科, 放射診斷科, 放射腫瘤科, 解剖病理科, 核子醫學科, 急診醫學科, 整形外科, 西醫一般科, 牙醫一般科, 中醫一般科","{'項次': '1', '病床名稱': '急性一般病床', '病床數': '488'}, {'項次': '2', '病床名稱': '精神急性一般病床', '病床數': '0'}, {'項次': '3', '病床名稱': '慢性一般病床', '病床數': '0'}, {'項次': '4', '病床名稱': '負壓隔離病床', '病床數': '2'}, {'項次': '5', '病床名稱': '加護病床', '病床數': '40'}, {'項次': '6', '病床名稱': '急診觀察床', '病床數': '13'}, {'項次': '7', '病床名稱': '其它觀察病床', '病床數': '4'}, {'項次': '8', '病床名稱': '嬰兒病床', '病床數': '10'}, {'項次': '9', '病床名稱': '手術恢復床', '病床數': '8'}, {'項次': '10', '病床名稱': '嬰兒床', '病床數': '9'}, {'項次': '11', '病床名稱': '血液透析床', '病床數': '60'}, {'項次': '12', '病床名稱': '亞急性呼吸照護病床', '病床數': '10'}, {'項次': '13', '病床名稱': '手術台', '病床數': '13'}, {'項次': '14', '病床名稱': '產台', '病床數': '2'}, {'項次': '15', '病床名稱': '牙科治療室', '病床數': '10'}, {'項次': '16', '病床名稱': '(門診)診療室', '病床數': '26'}",106,3,6,37,0,524,4,0,45,0,9,0,37,0,1,2,2,2,5,8,,,,,,,,,,
24,1136200015.0,醫療財團法人醫院,臺中市,仁愛醫療財團法人大里仁愛醫院,臺中市大里區東榮路４８３號,是,是,是,是,泉生醫療大樓,綜合醫院,04-24819900,郭振華,否,是,否,,"{'項次': '1', '病床名稱': '(門診)診療室', '病床數': '10'}",0,0,0,0,0,0,0,0,0,0,0,0,0,0,0,0,0,0,0,0,,,,,,,,,,
25,1317050017.0,私立醫學院、校附設醫院,臺中市,中國醫藥大學附設醫院,臺中市北區育德路二號,是,是,是,是,本院,綜合醫院,04 22052121,周德陽,否,是,否,"家庭醫學科, 內科, 外科, 兒科, 婦產科, 骨科, 神經科, 神經外科, 泌尿科, 耳鼻喉科, 眼科, 皮膚科, 精神科, 復健科, 麻醉科, 放射診斷科, 放射腫瘤科, 解剖病理科, 臨床病理科, 核子醫學科, 急診醫學科, 整形外科, 職業醫學科, 西醫一般科, 牙醫一般科, 家庭牙醫科, 牙髓病科, 牙周病科, 兒童牙科, 齒顎矯正科, 中醫一般科","{'項次': '1', '病床名稱': '急性一般病床', '病床數': '1341'}, {'項次': '2', '病床名稱': '精神急性一般病床', '病床數': '45'}, {'項次': '3', '病床名稱': '加護病床', '病床數': '157'}, {'項次': '4', '病床名稱': '急診觀察床', '病床數': '50'}, {'項次': '5', '病床名稱': '手術恢復床', '病床數': '36'}, {'項次': '6', '病床名稱': '血液透析床', '病床數': '135'}, {'項次': '7', '病床名稱': '安寧病床', '病床數': '18'}, {'項次': '8', '病床名稱': '亞急性呼吸照護病床', '病床數': '58'}, {'項次': '9', '病床名稱': '燒傷加護病床', '病床數': '10'}, {'項次': '10', '病床名稱': '骨髓移植病床', '病床數': '2'}, {'項次': '11', '病床名稱': '手術台', '病床數': '55'}, {'項次': '12', '病床名稱': '產台', '病床數': '3'}, {'項次': '13', '病床名稱': '精神科日間照護', '病床數': '30'}, {'項次': '14', '病床名稱': '(門診)診療室', '病床數': '179'}, {'項次': '15', '病床名稱': '牙醫治療台', '病床數': '39'}, {'項次': '16', '病床名稱': '整合醫學急診後送病床', '病床數': '100'}",859,63,50,188,0,2589,14,0,158,0,24,0,121,0,0,11,7,5,37,23,,,,,,,,,,
26,1336010015.0,私立醫學院、校附設醫院,臺中市,中國醫藥大學附設醫院豐原分院,臺中市豐原區中正路199號,否,否,否,否,本院,醫院,04-25222538,周立偉,否,否,否,"家庭醫學科, 內科, 外科, 神經科, 泌尿科, 復健科","{'項次': '1', '病床名稱': '急性一般病床', '病床數': '43'}, {'項次': '2', '病床名稱': '手術恢復床', '病床數': '1'}, {'項次': '3', '病床名稱': '手術台', '病床數': '2'}, {'項次': '4', '病床名稱': '(門診)診療室', '病床數': '9'}",7,0,0,4,0,29,2,0,3,0,1,2,3,0,0,0,1,0,1,0,,,,,,,,,,
27,1417030017.0,公益法人附設醫院,臺中市,財團法人台灣省私立台中仁愛之家附設靜和醫院,臺中市西區吉龍里南屯路1段158號,否,是,否,否,本院,精神科醫院,04 23711129,詹永騰,否,否,否,精神科,"{'項次': '1', '病床名稱': '精神急性一般病床', '病床數': '50'}, {'項次': '2', '病床名稱': '精神慢性一般病床', '病床數': '300'}, {'項次': '3', '病床名稱': '精神科日間照護', '病床數': '0'}, {'項次': '4', '病床名稱': '(門診)診療室', '病床數': '6'}",6,0,0,11,0,73,9,0,2,0,0,0,0,0,0,4,0,0,0,2,,,,,,,,,,
28,1436020013.0,公益法人附設醫院,臺中市,東勢區農會附設農民醫院,臺中市東勢區豐勢路２９７號,否,否,是,是,本院,醫院,04-25771919,張萬森,否,否,否,"家庭醫學科, 內科, 外科, 骨科, 神經科, 泌尿科, 復健科, 急診醫學科","{'項次': '1', '病床名稱': '急性一般病床', '病床數': '54'}, {'項次': '2', '病床名稱': '慢性一般病床', '病床數': '0'}, {'項次': '3', '病床名稱': '加護病床', '病床數': '6'}, {'項次': '4', '病床名稱': '急診觀察床', '病床數': '2'}, {'項次': '5', '病床名稱': '手術恢復床', '病床數': '1'}, {'項次': '6', '病床名稱': '血液透析床', '病床數': '30'}, {'項次': '7', '病床名稱': '手術台', '病床數': '2'}, {'項次': '8', '病床名稱': '(門診)診療室', '病床數': '10'}",15,0,0,8,0,77,2,0,6,0,3,1,6,0,0,0,0,0,1,1,,,,,,,,,,
29,1503010027.0,私立西醫醫院,臺中市,杏豐醫院,臺中市豐原區三民路106號,否,否,否,否,本院,醫院,(04)25234112,陳明源,否,否,否,"家庭醫學科, 內科, 外科, 骨科, 麻醉科","{'項次': '1', '病床名稱': '急性一般病床', '病床數': '38'}, {'項次': '2', '病床名稱': '手術恢復床', '病床數': '1'}, {'項次': '3', '病床名稱': '血液透析床', '病床數': '25'}, {'項次': '4', '病床名稱': '慢性呼吸照護病床', '病床數': '0'}, {'項次': '5', '病床名稱': '手術台', '病床數': '1'}, {'項次': '6', '病床名稱': '(門診)診療室', '病床數': '3'}",7,0,0,4,0,30,0,0,2,0,2,2,2,0,0,0,0,0,0,0,,,,,,,,,,
30,1503010036.0,私立西醫醫院,臺中市,漢忠醫院,臺中市豐原區中正路218號、212巷1-1號,否,否,否,否,本院,醫院,(04)25222209,劉力仁,否,否,否,"家庭醫學科, 內科, 骨科, 復健科","{'項次': '1', '病床名稱': '急性一般病床', '病床數': '25'}, {'項次': '2', '病床名稱': '手術恢復床', '病床數': '1'}, {'項次': '3', '病床名稱': '手術台', '病床數': '1'}, {'項次': '4', '病床名稱': '(門診)診療室', '病床數': '3'}",5,0,0,3,0,16,3,0,3,0,4,2,2,0,0,0,0,0,0,0,,,,,,,,,,
31,,私立西醫醫院,臺中市,惠盛醫院,臺中市豐原區中正路268號,否,否,否,否,本院,醫院,0425229100,施宜興,否,否,否,"家庭醫學科, 內科, 復健科, 中醫一般科","{'項次': '1', '病床名稱': '急性一般病床', '病床數': '20'}, {'項次': '2', '病床名稱': '(門診)診療室', '病床數': '7'}",3,2,0,2,0,16,3,0,2,0,4,1,1,0,0,0,1,0,0,1,,,,,,,,,,
32,1503030010.0,私立西醫醫院,臺中市,順安醫院,臺中市大甲區光明路6號,否,否,否,否,本院,醫院,04-26862328,張堯欽,否,否,否,內科,"{'項次': '1', '病床名稱': '急性一般病床', '病床數': '30'}, {'項次': '2', '病床名稱': '急診觀察床', '病床數': '0'}, {'項次': '3', '病床名稱': '(門診)診療室', '病床數': '1'}",3,0,0,2,0,12,0,0,0,0,0,0,1,0,0,0,0,0,1,0,,,,,,,,,,
33,,私立西醫醫院,臺中市,美德醫院,臺中市大甲區長安路20號,否,否,否,否,本院,精神科醫院,04-23693568,顏銘漢,否,否,否,"家庭醫學科, 精神科","{'項次': '1', '病床名稱': '精神急性一般病床', '病床數': '44'}, {'項次': '2', '病床名稱': '精神慢性一般病床', '病床數': '55'}, {'項次': '3', '病床名稱': '精神科日間照護', '病床數': '20'}, {'項次': '4', '病床名稱': '(門診)診療室', '病床數': '1'}",3,0,0,2,0,28,2,0,0,0,0,0,0,0,0,1,0,0,0,0,,,,,,,,,,
34,1503190020.0,私立西醫醫院,臺中市,長安醫院,臺中市太平區永平路1段9號,否,是,是,是,本院,醫院,,呂政翰,否,否,否,"家庭醫學科, 內科, 外科, 兒科, 婦產科, 骨科, 神經科, 神經外科, 泌尿科, 耳鼻喉科, 眼科, 復健科, 麻醉科, 放射診斷科, 急診醫學科","{'項次': '1', '病床名稱': '急性一般病床', '病床數': '99'}, {'項次': '2', '病床名稱': '負壓隔離病床', '病床數': '1'}, {'項次': '3', '病床名稱': '加護病床', '病床數': '24'}, {'項次': '4', '病床名稱': '急診觀察床', '病床數': '14'}, {'項次': '5', '病床名稱': '手術恢復床', '病床數': '3'}, {'項次': '6', '病床名稱': '血液透析床', '病床數': '45'}, {'項次': '7', '病床名稱': '手術台', '病床數': '6'}, {'項次': '8', '病床名稱': '(門診)診療室', '病床數': '32'}",66,0,0,17,0,215,8,0,17,1,9,1,24,0,0,1,3,1,3,4,,,,,,,,,,
35,1517080091.0,私立西醫醫院,臺中市,全民醫院,臺中市北屯區中清路二段516號,否,否,否,否,本院,醫院,04 22916666,張武松,否,否,否,"家庭醫學科, 內科, 外科, 復健科","{'項次': '1', '病床名稱': '急性一般病床', '病床數': '33'}, {'項次': '2', '病床名稱': '急診觀察床', '病床數': '0'}, {'項次': '3', '病床名稱': '(門診)診療室', '病床數': '2'}",6,0,0,2,2,15,1,0,3,0,1,0,3,0,0,0,1,0,1,1,,,,,,,,,,
36,1517081141.0,私立西醫醫院,臺中市,博愛外科醫院,臺中市北屯區文心路三段四三一號,否,否,否,否,本院,醫院,04-22954722,曾振橿,否,否,否,外科,"{'項次': '1', '病床名稱': '急性一般病床', '病床數': '20'}, {'項次': '2', '病床名稱': '手術恢復床', '病床數': '1'}, {'項次': '3', '病床名稱': '手術台', '病床數': '1'}, {'項次': '4', '病床名稱': '(門診)診療室', '病床數': '2'}",2,0,0,2,0,10,0,0,0,0,0,0,0,0,0,0,0,0,0,0,,,,,,,,,,
37,1536010046.0,私立西醫醫院,臺中市,豐安醫院,臺中市豐原區中正路１１５號,否,否,否,否,本院,醫院,04-25231180,蔡篤義,否,否,否,"內科, 外科, 骨科","{'項次': '1', '病床名稱': '急性一般病床', '病床數': '20'}, {'項次': '2', '病床名稱': '其它觀察病床', '病床數': '2'}, {'項次': '3', '病床名稱': '手術恢復床', '病床數': '1'}, {'項次': '4', '病床名稱': '血液透析床', '病床數': '28'}, {'項次': '5', '病床名稱': '手術台', '病床數': '1'}, {'項次': '6', '病床名稱': '(門診)診療室', '病床數': '3'}",5,0,0,2,0,20,0,0,3,0,1,1,3,0,0,0,0,0,0,1,,,,,,,,,,
38,1536011276.0,私立西醫醫院,臺中市,新惠生醫院,臺中市豐原區圓環北路一段319號,否,否,否,否,本院,醫院,04-25228792,王晴輝,否,是,否,"外科, 婦產科","{'項次': '1', '病床名稱': '急性一般病床', '病床數': '43'}, {'項次': '2', '病床名稱': '急診觀察床', '病床數': '0'}, {'項次': '3', '病床名稱': '其它觀察病床', '病床數': '6'}, {'項次': '4', '病床名稱': '手術恢復床', '病床數': '5'}, {'項次': '5', '病床名稱': '嬰兒床', '病床數': '20'}, {'項次': '6', '病床名稱': '手術台', '病床數': '2'}, {'項次': '7', '病床名稱': '產台', '病床數': '2'}, {'項次': '8', '病床名稱': '(門診)診療室', '病床數': '4'}",11,0,0,3,0,66,0,0,4,0,0,0,5,0,0,0,0,0,0,0,,,,,,,,,,
39,1536011294.0,私立西醫醫院,臺中市,祥恩醫院,臺中市豐原區中興路３５號,否,否,否,否,本院,醫院,04 25255522,林泰綜,否,否,否,"家庭醫學科, 內科","{'項次': '1', '病床名稱': '急性一般病床', '病床數': '39'}, {'項次': '2', '病床名稱': '慢性呼吸照護病床', '病床數': '30'}, {'項次': '3', '病床名稱': '(門診)診療室', '病床數': '2'}",6,0,0,2,0,24,0,0,1,0,0,0,1,0,0,0,0,0,3,1,,,,,,,,,,
40,1536040535.0,私立西醫醫院,臺中市,陽光精神科醫院,臺中市清水區大楊南街98號,否,是,否,否,本院,精神科醫院,04-26202949,賴武賢,否,否,否,精神科,"{'項次': '1', '病床名稱': '精神急性一般病床', '病床數': '60'}, {'項次': '2', '病床名稱': '精神慢性一般病床', '病床數': '190'}, {'項次': '3', '病床名稱': '精神科日間照護', '病床數': '50'}, {'項次': '4', '病床名稱': '(門診)診療室', '病床數': '1'}",5,0,0,5,0,38,4,3,0,0,0,0,0,0,0,4,0,0,0,1,,,,,,,,,,
41,1536040553.0,私立西醫醫院,臺中市,清濱醫院,臺中市清水區港埠路四段195號,否,是,否,否,本院,精神科醫院,04-26283595,趙文聖,否,否,否,精神科,"{'項次': '1', '病床名稱': '精神急性一般病床', '病床數': '20'}, {'項次': '2', '病床名稱': '精神慢性一般病床', '病床數': '180'}, {'項次': '3', '病床名稱': '精神科日間照護', '病床數': '10'}, {'項次': '4', '病床名稱': '(門診)診療室', '病床數': '2'}",4,0,0,2,0,24,3,2,0,0,0,0,0,0,0,2,0,0,0,1,,,,,,,,,,
42,1536060037.0,私立西醫醫院,臺中市,明德醫院,臺中市梧棲區仁美街３３巷５０號,否,否,否,否,本院,醫院,04-26579595,蔡慶儒,否,否,否,"內科, 精神科, 復健科","{'項次': '1', '病床名稱': '急性一般病床', '病床數': '30'}, {'項次': '2', '病床名稱': '精神急性一般病床', '病床數': '30'}, {'項次': '3', '病床名稱': '急診觀察床', '病床數': '0'}, {'項次': '4', '病床名稱': '(門診)診療室', '病床數': '4'}",6,0,0,3,0,24,2,0,3,0,3,3,2,0,0,1,0,0,0,1,,,,,,,,,,
43,1536061114.0,私立西醫醫院,臺中市,忠港醫院,臺中市梧棲區文化里中興路49號,否,否,否,否,本院,醫院,04-26580298,蔡文凱,否,否,否,內科,"{'項次': '1', '病床名稱': '急性一般病床', '病床數': '20'}, {'項次': '2', '病床名稱': '慢性呼吸照護病床', '病床數': '60'}, {'項次': '3', '病床名稱': '(門診)診療室', '病床數': '2'}",5,0,0,3,0,23,0,0,0,0,0,0,1,0,0,0,0,0,3,1,地區醫院,5422.0,902.0,0.0,28.0,醫院評鑑合格（地區醫院）,,,,-%
44,1536100081.0,私立西醫醫院,臺中市,清泉醫院,臺中市大雅區三和里雅潭路四段80號,否,是,是,是,本院,綜合醫院,04-25605600,羅永達,否,是,否,"家庭醫學科, 內科, 外科, 兒科, 婦產科, 骨科, 神經科, 泌尿科, 復健科, 麻醉科, 放射診斷科, 急診醫學科, 中醫一般科","{'項次': '1', '病床名稱': '急性一般病床', '病床數': '137'}, {'項次': '2', '病床名稱': '加護病床', '病床數': '10'}, {'項次': '3', '病床名稱': '急診觀察床', '病床數': '5'}, {'項次': '4', '病床名稱': '手術恢復床', '病床數': '2'}, {'項次': '5', '病床名稱': '嬰兒床', '病床數': '0'}, {'項次': '6', '病床名稱': '血液透析床', '病床數': '37'}, {'項次': '7', '病床名稱': '慢性呼吸照護病床', '病床數': '38'}, {'項次': '8', '病床名稱': '手術台', '病床數': '3'}, {'項次': '9', '病床名稱': '產台', '病床數': '0'}, {'項次': '10', '病床名稱': '(門診)診療室', '病床數': '15'}",33,2,0,10,0,116,4,0,12,0,6,1,9,1,0,0,1,0,2,2,,,,,,,,,,
45,1517061032.0,私立西醫醫院,臺中市,澄清綜合醫院中港分院,臺中市西屯區臺灣大道4段966號,是,是,是,是,本院,綜合醫院,04 24632000,林高德,否,是,否,"家庭醫學科, 內科, 外科, 兒科, 婦產科, 骨科, 神經科, 神經外科, 泌尿科, 耳鼻喉科, 眼科, 皮膚科, 精神科, 復健科, 麻醉科, 放射診斷科, 放射腫瘤科, 解剖病理科, 核子醫學科, 急診醫學科, 整形外科, 西醫一般科, 牙醫一般科","{'項次': '1', '病床名稱': '急性一般病床', '病床數': '500'}, {'項次': '2', '病床名稱': '負壓隔離病床', '病床數': '4'}, {'項次': '3', '病床名稱': '加護病床', '病床數': '70'}, {'項次': '4', '病床名稱': '急診觀察床', '病床數': '20'}, {'項次': '5', '病床名稱': '其它觀察病床', '病床數': '5'}, {'項次': '6', '病床名稱': '嬰兒病床', '病床數': '16'}, {'項次': '7', '病床名稱': '手術恢復床', '病床數': '14'}, {'項次': '8', '病床名稱': '嬰兒床', '病床數': '16'}, {'項次': '9', '病床名稱': '血液透析床', '病床數': '45'}, {'項次': '10', '病床名稱': '亞急性呼吸照護病床', '病床數': '10'}, {'項次': '11', '病床名稱': '慢性呼吸照護病床', '病床數': '40'}, {'項次': '12', '病床名稱': '手術台', '病床數': '15'}, {'項次': '13', '病床名稱': '產台', '病床數': '2'}, {'項次': '14', '病床名稱': '(門診)診療室', '病床數': '33'}, {'項次': '15', '病床名稱': '牙醫治療台', '病床數': '7'}",140,0,3,39,0,658,9,0,40,0,16,0,61,0,1,3,6,2,15,10,,,,,,,,,,
46,1517061032.0,私立西醫醫院,臺中市,澄清綜合醫院中港分院,臺中市西屯區臺灣大道4段966號,是,是,是,是,附設門診(臺中市敬德街8之1號),綜合醫院,04 24632000,林高德,否,是,否,,"{'項次': '1', '病床名稱': '安寧病床', '病床數': '4'}, {'項次': '2', '病床名稱': '精神科日間照護', '病床數': '0'}, {'項次': '3', '病床名稱': '(門診)診療室', '病床數': '1'}",0,0,0,0,0,0,0,0,0,0,0,0,0,0,0,0,0,0,1,0,,,,,,,,,,-%
47,1517061032.0,私立西醫醫院,臺中市,澄清綜合醫院中港分院,臺中市西屯區臺灣大道4段966號,是,是,是,是,敬義樓,綜合醫院,04 24632000,林高德,否,是,否,,"{'項次': '1', '病床名稱': '(門診)診療室', '病床數': '14'}",0,0,0,0,0,0,0,0,0,0,0,0,0,0,0,0,0,0,0,0,,,,,,,,,,-%
48,1517070031.0,私立西醫醫院,臺中市,友仁醫院,臺中市南屯區五權西路二段197號,否,否,否,否,本院,醫院,04 24739995,許金龍,否,否,否,"家庭醫學科, 內科, 外科","{'項次': '1', '病床名稱': '急性一般病床', '病床數': '30'}, {'項次': '2', '病床名稱': '急診觀察床', '病床數': '0'}, {'項次': '3', '病床名稱': '手術台', '病床數': '1'}, {'項次': '4', '病床名稱': '(門診)診療室', '病床數': '2'}",3,0,0,3,0,12,0,0,2,0,1,2,1,0,0,0,0,0,1,1,地區醫院,23364.0,87.0,1298.0,12.0,醫院評鑑合格（地區醫院）,,30.0,28.0,100%
49,1517080019.0,私立西醫醫院,臺中市,聯安醫院,臺中市北屯區東山路一段37號,否,否,否,否,本院,醫院,04 22441995,柯貴榮,否,否,否,"家庭醫學科, 內科, 外科, 復健科, 麻醉科, 放射診斷科","{'項次': '1', '病床名稱': '急性一般病床', '病床數': '38'}, {'項次': '2', '病床名稱': '急診觀察床', '病床數': '0'}, {'項次': '3', '病床名稱': '手術恢復床', '病床數': '1'}, {'項次': '4', '病床名稱': '血液透析床', '病床數': '15'}, {'項次': '5', '病床名稱': '手術台', '病床數': '2'}, {'項次': '6', '病床名稱': '(門診)診療室', '病床數': '6'}",10,0,0,4,0,40,1,2,6,2,12,2,4,0,0,0,0,0,1,1,,,,,,,,,,
50,1517021074.0,私立西醫醫院,臺中市,臺安醫院,臺中市東區進化路二○三號,否,否,否,否,本院,醫院,04-23602000,蘇主恩,否,否,否,"內科, 兒科, 婦產科, 泌尿科, 麻醉科, 牙醫一般科","{'項次': '1', '病床名稱': '急性一般病床', '病床數': '41'}, {'項次': '2', '病床名稱': '急診觀察床', '病床數': '0'}, {'項次': '3', '病床名稱': '嬰兒病床', '病床數': '16'}, {'項次': '4', '病床名稱': '手術恢復床', '病床數': '1'}, {'項次': '5', '病床名稱': '嬰兒床', '病床數': '38'}, {'項次': '6', '病床名稱': '手術台', '病床數': '2'}, {'項次': '7', '病床名稱': '產台', '病床數': '2'}, {'項次': '8', '病床名稱': '(門診)診療室', '病床數': '13'}, {'項次': '9', '病床名稱': '牙醫治療台', '病床數': '5'}",19,0,1,7,0,77,0,0,9,0,0,0,2,0,0,0,0,0,0,0,,,,,,,,,,
51,1517030055.0,私立西醫醫院,臺中市,林森醫院,臺中市西區三民里三民路一段一五二號之一,否,否,否,否,本院,醫院,04 22227800,廖光立,否,否,否,"內科, 外科, 骨科, 復健科, 麻醉科, 放射診斷科","{'項次': '1', '病床名稱': '急性一般病床', '病床數': '30'}, {'項次': '2', '病床名稱': '手術恢復床', '病床數': '2'}, {'項次': '3', '病床名稱': '手術台', '病床數': '2'}, {'項次': '4', '病床名稱': '(門診)診療室', '病床數': '3'}",10,0,0,3,0,30,0,0,1,1,4,0,2,0,0,0,0,0,0,0,,,,,,,,,,
52,1517040015.0,私立西醫醫院,臺中市,宏恩醫院,臺中市南區復興路二段38-13號、南平路31-2號1、2、3樓,否,否,否,否,本院,醫院,04-22623123,吳子鈞,否,否,否,"家庭醫學科, 內科, 外科, 復健科, 放射診斷科","{'項次': '1', '病床名稱': '急性一般病床', '病床數': '29'}, {'項次': '2', '病床名稱': '加護病床', '病床數': '6'}, {'項次': '3', '病床名稱': '手術恢復床', '病床數': '1'}, {'項次': '4', '病床名稱': '慢性呼吸照護病床', '病床數': '20'}, {'項次': '5', '病床名稱': '手術台', '病床數': '1'}, {'項次': '6', '病床名稱': '(門診)診療室', '病床數': '2'}",7,0,0,3,0,29,2,1,3,0,2,1,2,0,0,0,0,0,1,1,,,,,,,,,,
53,1517050084.0,私立西醫醫院,臺中市,新亞東婦產科醫院,臺中市北區中清路一段403號、407號1樓,否,否,否,否,本院,醫院,04 22075779,劉銖淇,否,否,否,"兒科, 婦產科","{'項次': '1', '病床名稱': '急性一般病床', '病床數': '24'}, {'項次': '2', '病床名稱': '急診觀察床', '病床數': '0'}, {'項次': '3', '病床名稱': '嬰兒床', '病床數': '20'}, {'項次': '4', '病床名稱': '手術台', '病床數': '1'}, {'項次': '5', '病床名稱': '產台', '病床數': '1'}, {'項次': '6', '病床名稱': '(門診)診療室', '病床數': '3'}",8,0,0,4,0,43,0,0,3,0,0,0,0,0,0,0,0,0,0,0,,,,,,,,,,
54,1517051107.0,私立西醫醫院,臺中市,勝美醫院,臺中市北區五權路480、482號,否,否,否,否,本院,醫院,04-22013333,陳志強,否,否,否,內科,"{'項次': '1', '病床名稱': '急性一般病床', '病床數': '36'}, {'項次': '2', '病床名稱': '慢性呼吸照護病床', '病床數': '36'}, {'項次': '3', '病床名稱': '手術台', '病床數': '0'}, {'項次': '4', '病床名稱': '(門診)診療室', '病床數': '3'}",6,0,0,2,0,23,0,0,1,0,0,0,1,0,0,0,0,0,3,1,,,,,,,,,,
55,1536120010.0,私立西醫醫院,臺中市,清海醫院,臺中市石岡區金星里石岡街下坑巷四十一之二號,否,是,否,否,本院,精神科醫院,04-25721694,江柏林,否,否,否,精神科,"{'項次': '1', '病床名稱': '精神急性一般病床', '病床數': '40'}, {'項次': '2', '病床名稱': '精神慢性一般病床', '病床數': '208'}, {'項次': '3', '病床名稱': '(門診)診療室', '病床數': '2'}",5,0,0,5,0,35,5,0,0,0,0,0,0,0,0,3,0,0,0,1,,,,,,,,,,
56,1536151042.0,私立西醫醫院,臺中市,烏日澄清醫院,臺中市烏日區光明路四一九號,否,否,否,否,本院,醫院,04-23376232,謝俊德,否,是,否,"家庭醫學科, 內科, 骨科, 神經科, 復健科","{'項次': '1', '病床名稱': '急性一般病床', '病床數': '44'}, {'項次': '2', '病床名稱': '血液透析床', '病床數': '14'}, {'項次': '3', '病床名稱': '慢性呼吸照護病床', '病床數': '40'}, {'項次': '4', '病床名稱': '(門診)診療室', '病床數': '4'}",8,0,0,3,0,35,1,0,3,0,3,0,2,0,0,0,1,0,2,1,,,,,,醫院評鑑合格（地區醫院）,,,,-%
57,1536181139.0,私立西醫醫院,臺中市,本堂澄清醫院,臺中市霧峰區中正路718號,否,否,否,否,本院,醫院,04-23390000,楊登文,否,否,否,"內科, 外科, 復健科","{'項次': '1', '病床名稱': '急性一般病床', '病床數': '49'}, {'項次': '2', '病床名稱': '血液透析床', '病床數': '15'}, {'項次': '3', '病床名稱': '慢性呼吸照護病床', '病床數': '30'}, {'項次': '4', '病床名稱': '(門診)診療室', '病床數': '4'}",8,0,0,6,0,41,1,0,4,0,3,0,1,0,0,0,1,0,2,1,,,,,,,,,,
58,1536190076.0,私立西醫醫院,臺中市,賢德醫院,臺中市太平區宜昌路420號,否,是,否,是,本院,綜合醫院,04-22732551,蔡慶賢,否,否,否,"家庭醫學科, 內科, 外科, 兒科, 骨科, 泌尿科, 皮膚科, 復健科, 麻醉科, 放射診斷科, 急診醫學科","{'項次': '1', '病床名稱': '急性一般病床', '病床數': '222'}, {'項次': '2', '病床名稱': '加護病床', '病床數': '15'}, {'項次': '3', '病床名稱': '急診觀察床', '病床數': '3'}, {'項次': '4', '病床名稱': '手術恢復床', '病床數': '1'}, {'項次': '5', '病床名稱': '血液透析床', '病床數': '20'}, {'項次': '6', '病床名稱': '手術台', '病床數': '3'}, {'項次': '7', '病床名稱': '(門診)診療室', '病床數': '8'}",36,0,0,15,0,151,9,1,10,0,6,3,8,0,0,2,2,0,3,5,,,,,,,,,,
59,1536190076.0,私立西醫醫院,臺中市,賢德醫院,臺中市太平區宜昌路420號,否,是,否,是,樹孝,綜合醫院,04-22732551,蔡慶賢,否,否,否,精神科,"{'項次': '1', '病床名稱': '精神急性一般病床', '病床數': '50'}, {'項次': '2', '病床名稱': '精神慢性一般病床', '病床數': '150'}, {'項次': '3', '病床名稱': '加護病床', '病床數': '0'}, {'項次': '4', '病床名稱': '(門診)診療室', '病床數': '1'}",6,0,0,0,0,9,0,0,0,0,0,0,0,0,0,2,0,0,0,0,,,,,,,,,,
60,1536200022.0,私立西醫醫院,臺中市,達明眼科醫院,臺中市大里區中興路二段490號,否,否,否,否,本院,醫院,04-24851437,蘇愛玲,否,否,否,"內科, 外科, 眼科, 復健科","{'項次': '1', '病床名稱': '急性一般病床', '病床數': '20'}, {'項次': '2', '病床名稱': '手術恢復床', '病床數': '1'}, {'項次': '3', '病床名稱': '慢性呼吸照護病床', '病床數': '0'}, {'項次': '4', '病床名稱': '手術台', '病床數': '2'}, {'項次': '5', '病床名稱': '(門診)診療室', '病床數': '4'}",7,0,0,6,0,14,8,0,1,0,5,0,1,0,0,2,3,0,0,0,地區醫院,84888.0,0.0,11.0,0.0,醫院評鑑合格（地區醫院）,,22.0,17.0,94.4%
61,1536201065.0,私立西醫醫院,臺中市,新菩提醫院,臺中市大里區中興路二段619、621號,否,是,否,否,本院,醫院,04-24829966,徐秀寶,否,否,否,"家庭醫學科, 內科, 外科, 婦產科, 神經科, 復健科","{'項次': '1', '病床名稱': '急性一般病床', '病床數': '40'}, {'項次': '2', '病床名稱': '慢性一般病床', '病床數': '0'}, {'項次': '3', '病床名稱': '急診觀察床', '病床數': '0'}, {'項次': '4', '病床名稱': '手術恢復床', '病床數': '0'}, {'項次': '5', '病床名稱': '嬰兒床', '病床數': '0'}, {'項次': '6', '病床名稱': '血液透析床', '病床數': '20'}, {'項次': '7', '病床名稱': '手術台', '病床數': '0'}, {'項次': '8', '病床名稱': '產台', '病床數': '0'}, {'項次': '9', '病床名稱': '(門診)診療室', '病床數': '4'}",6,0,0,5,0,21,2,0,1,0,2,3,2,0,0,0,0,0,0,0,,,,,,,,,,
62,,私立中醫醫院,臺中市,天心中醫醫院,臺中市豐原區田心里中山路２０６號,否,否,否,否,本院,中醫醫院,04 5275666,呂恭奇,否,否,否,中醫一般科,"{'項次': '1', '病床名稱': '急性一般病床', '病床數': '12'}, {'項次': '2', '病床名稱': '(門診)診療室', '病床數': '5'}",0,4,0,2,0,6,0,0,0,0,0,0,0,0,0,0,0,0,0,0,,,,,,,,,,
63,1503290025.0,私立西醫醫院,臺中市,茂盛醫院,臺中市北屯區昌平路一段30-6號（1樓至4樓）,否,否,否,否,本院,醫院,04-22347057,李茂盛,否,否,否,"家庭醫學科, 外科, 兒科, 婦產科, 皮膚科, 麻醉科, 放射診斷科, 放射腫瘤科","{'項次': '1', '病床名稱': '急性一般病床', '病床數': '36'}, {'項次': '2', '病床名稱': '其它觀察病床', '病床數': '4'}, {'項次': '3', '病床名稱': '嬰兒病床', '病床數': '6'}, {'項次': '4', '病床名稱': '手術恢復床', '病床數': '9'}, {'項次': '5', '病床名稱': '嬰兒床', '病床數': '16'}, {'項次': '6', '病床名稱': '手術台', '病床數': '3'}, {'項次': '7', '病床名稱': '產台', '病床數': '1'}, {'項次': '8', '病床名稱': '(門診)診療室', '病床數': '8'}",23,0,0,7,0,116,1,0,14,0,0,0,8,0,0,0,0,0,0,0,,,,,,,,,,
64,1503290025.0,私立西醫醫院,臺中市,茂盛醫院,臺中市北屯區昌平路一段30-6號（1樓至4樓）,否,否,否,否,第二院區,醫院,04-22347057,李茂盛,否,否,否,,"{'項次': '1', '病床名稱': '急性一般病床', '病床數': '0'}",0,0,0,0,0,0,0,0,0,0,0,0,0,0,0,0,0,0,0,0,,,,,,,,,,
65,1517011103.0,私立西醫醫院,臺中市,第一醫院,臺中市中區民族路一八四號,否,否,否,否,本院,醫院,04-22221122,陳焄宗,否,否,否,內科,"{'項次': '1', '病床名稱': '急性一般病床', '病床數': '12'}, {'項次': '2', '病床名稱': '慢性呼吸照護病床', '病床數': '50'}, {'項次': '3', '病床名稱': '(門診)診療室', '病床數': '3'}",5,0,0,3,0,26,0,0,1,0,0,0,1,0,0,0,0,0,3,1,,,,,,,,,,
66,1517011112.0,私立西醫醫院,臺中市,澄清綜合醫院,臺中市中區平等街139號,否,是,是,是,本院,綜合醫院,04 24632000,周思源,否,是,否,"家庭醫學科, 內科, 外科, 兒科, 婦產科, 骨科, 神經科, 神經外科, 泌尿科, 耳鼻喉科, 眼科, 皮膚科, 復健科, 麻醉科, 放射診斷科, 解剖病理科, 急診醫學科, 整形外科, 牙醫一般科","{'項次': '1', '病床名稱': '急性一般病床', '病床數': '249'}, {'項次': '2', '病床名稱': '負壓隔離病床', '病床數': '1'}, {'項次': '3', '病床名稱': '加護病床', '病床數': '30'}, {'項次': '4', '病床名稱': '急診觀察床', '病床數': '10'}, {'項次': '5', '病床名稱': '其它觀察病床', '病床數': '4'}, {'項次': '6', '病床名稱': '嬰兒病床', '病床數': '9'}, {'項次': '7', '病床名稱': '手術恢復床', '病床數': '4'}, {'項次': '8', '病床名稱': '嬰兒床', '病床數': '15'}, {'項次': '9', '病床名稱': '血液透析床', '病床數': '29'}, {'項次': '10', '病床名稱': '手術台', '病床數': '4'}, {'項次': '11', '病床名稱': '產台', '病床數': '2'}, {'項次': '12', '病床名稱': '(門診)診療室', '病床數': '22'}",55,0,2,22,0,252,2,0,17,0,7,0,13,0,0,2,1,0,3,4,,,,,,,,,,
67,1517020040.0,私立西醫醫院,臺中市,台新醫院,臺中市東區振興路439之2號、439之3號及441號,否,否,否,否,本院,醫院,04 22139966,簡伯毅,否,否,否,"家庭醫學科, 內科, 外科, 骨科, 神經科, 泌尿科, 皮膚科, 復健科, 牙醫一般科","{'項次': '1', '病床名稱': '急性一般病床', '病床數': '27'}, {'項次': '2', '病床名稱': '手術恢復床', '病床數': '1'}, {'項次': '3', '病床名稱': '血液透析床', '病床數': '45'}, {'項次': '4', '病床名稱': '手術台', '病床數': '1'}, {'項次': '5', '病床名稱': '(門診)診療室', '病床數': '9'}, {'項次': '6', '病床名稱': '牙醫治療台', '病床數': '4'}",12,0,2,6,0,55,7,0,4,0,10,0,3,0,0,1,4,0,0,1,,,,,,,,,,
68,1503190039.0,私立西醫醫院,臺中市,新太平澄清醫院,臺中市太平區中興路100號,否,否,否,否,本院,醫院,04-22789900,陳敏隆,否,否,否,"內科, 外科, 耳鼻喉科, 復健科, 麻醉科","{'項次': '1', '病床名稱': '急性一般病床', '病床數': '44'}, {'項次': '2', '病床名稱': '急診觀察床', '病床數': '0'}, {'項次': '3', '病床名稱': '手術恢復床', '病床數': '1'}, {'項次': '4', '病床名稱': '手術台', '病床數': '1'}, {'項次': '5', '病床名稱': '(門診)診療室', '病床數': '5'}",7,0,0,4,0,23,3,0,2,0,3,2,1,0,0,0,1,0,0,1,,,,,,,,,,
69,1503200012.0,私立西醫醫院,臺中市,霧峰澄清醫院,臺中市大里區成功路55號,否,否,否,否,本院,醫院,04-24922000,許德宗,否,否,否,"家庭醫學科, 內科, 外科, 骨科, 神經科, 泌尿科, 復健科, 麻醉科, 放射診斷科, 急診醫學科","{'項次': '1', '病床名稱': '急性一般病床', '病床數': '99'}, {'項次': '2', '病床名稱': '急診觀察床', '病床數': '6'}, {'項次': '3', '病床名稱': '手術恢復床', '病床數': '3'}, {'項次': '4', '病床名稱': '血液透析床', '病床數': '20'}, {'項次': '5', '病床名稱': '手術台', '病床數': '3'}, {'項次': '6', '病床名稱': '(門診)診療室', '病床數': '10'}",26,0,0,9,0,109,3,0,16,0,7,1,9,0,0,0,2,0,0,1,,,,,,,,,,
70,1503250012.0,私立西醫醫院,臺中市,宏恩醫院龍安分院,臺中市南區德富路145巷2號,否,是,否,否,本院,精神科醫院,04-37017188,沈君傑,否,否,否,精神科,"{'項次': '1', '病床名稱': '精神急性一般病床', '病床數': '45'}, {'項次': '2', '病床名稱': '精神慢性一般病床', '病床數': '139'}, {'項次': '3', '病床名稱': '(門診)診療室', '病床數': '1'}",4,0,0,3,1,32,5,0,0,0,0,0,0,0,0,4,0,0,0,2,,,,,,,,,,
71,1503260018.0,私立西醫醫院,臺中市,臺安醫院雙十分院,臺中市北區雙十路二段29號,否,否,否,否,本院,醫院,(04)22268990,張鈇治,否,否,否,"家庭醫學科, 內科, 外科, 神經科, 泌尿科, 復健科, 放射診斷科","{'項次': '1', '病床名稱': '急性一般病床', '病床數': '56'}, {'項次': '2', '病床名稱': '急診觀察床', '病床數': '0'}, {'項次': '3', '病床名稱': '手術恢復床', '病床數': '1'}, {'項次': '4', '病床名稱': '血液透析床', '病床數': '25'}, {'項次': '5', '病床名稱': '慢性呼吸照護病床', '病床數': '20'}, {'項次': '6', '病床名稱': '手術台', '病床數': '1'}, {'項次': '7', '病床名稱': '(門診)診療室', '病床數': '8'}",15,0,0,5,0,78,4,2,8,0,5,2,6,0,0,0,6,0,1,2,,,,,,,,,,
72,1503270014.0,私立西醫醫院,臺中市,澄清復健醫院,臺中市西屯區敬德街8-1號,否,是,否,否,本院,醫院,04-24612366,賴富源,否,否,否,"家庭醫學科, 內科, 外科, 復健科, 中醫一般科","{'項次': '1', '病床名稱': '急性一般病床', '病床數': '65'}, {'項次': '2', '病床名稱': '(門診)診療室', '病床數': '3'}",8,1,0,4,0,31,7,0,2,0,9,0,2,0,0,0,2,0,0,1,,,,,,,,,,
